Anio;Nivel;rbd;dvrbd;nom_rbd;cod_reg_rbd;nom_reg_rbd;cod_pro_rbd;nom_pro_rbd;cod_com_rbd;nom_com_rbd;cod_depe1;cod_depe2;cod_grupo;cod_rural_rbd;prom_lect2m_rbd;prom_mate2m_rbd;palu_eda_insuficiente_lect2m_rbd;palu_eda_insuficiente_mate2m_rbd;total_profesores;total_hh;total_prioritarios;total_beneficiarios;total_matriculados;promedio_asistencia;latitud;longitud;pago_mensual
2022;2m;11397;2;COLEGIO ADVENTISTA;8;DEL BIOBÍO;81;CONCEPCI;8106;LOTA;3;2;3;1;250;287;42,1;22;0;0;209;0;0;88,80662983;-33,049389;-71,43899;$25.001 A $50.000
2022;2m;11400;6;LICEO TRAPAQUEANTE;8;DEL BIOBÍO;82;ARAUCO;8207;TIRÚA;2;1;1;1;231;218;64,9;74;38;1549;36;34;386;90,44628099;-38,343781;-73,494942;GRATUITO
2022;2m;11430;8;COLEGIO TERESIANO PADRE ENRIQUE;8;DEL BIOBÍO;83;BIOBÍO;8306;NACIMIENTO;3;2;3;1;259;273;41,5;36,6;72;2686;515;515;1215;88,88342697;-37,497898;-72,682167;GRATUITO
2022;2m;11706;4;LICEO PARTICULAR LOS ANDES;8;DEL BIOBÍO;81;CONCEPCI;8108;SAN PEDRO DE LA;3;2;2;1;246;229;60,5;65,8;56;1759;78;74;643;92,34431138;-36,837341;-73,137589;GRATUITO
2022;2m;11709;9;COLEGIO ALERCE;8;DEL BIOBÍO;81;CONCEPCI;8101;CONCEPCIÓN;3;2;2;1;263;307;33,3;26,1;30;920;51;51;362;94,09333333;-36,824471;-73,070831;GRATUITO
2022;2m;11712;9;ESCUELA PARTICULAR GASPAR CABRALES;8;DEL BIOBÍO;82;ARAUCO;8206;LOS ÁLAMOS;3;2;3;2;251;258;52,2;48,5;53;2127;265;265;1156;89,60557769;-37,625648;-73,465797;GRATUITO
2022;2m;11716;1;COLEGIO MARÍA INMACULADA DE LOS ÁNGELES;8;DEL BIOBÍO;83;BIOBÍO;8301;LOS ÁNGELES;3;2;2;1;253;237;50;63,6;42;1445;52;52;336;93,16243655;-37,484169;-72,349167;GRATUITO
2022;2m;12004;9;LICEO POLITECNICO CURANILAHUE;8;DEL BIOBÍO;82;ARAUCO;8205;CURANILAHUE;3;2;1;1;210;202;76,5;87,5;25;896;31;31;238;93,47619048;-37,47794;-73,359261;GRATUITO
2022;2m;12005;7;COLEGIO DON ORIONE;8;DEL BIOBÍO;83;BIOBÍO;8301;LOS ÁNGELES;3;2;1;1;204;222;80,5;79;65;2405;336;336;1322;87,10606061;-32,78648;-71,533737;GRATUITO
2022;2m;12015;4;COLEGIO CONCEPCION;8;DEL BIOBÍO;83;BIOBÍO;8301;LOS ÁNGELES;4;3;5;1;273;292;25,5;22,9;54;1924;107;0;972;90,74857143;-36,857386;-73,04931;MAS DE $100.000
2022;2m;12024;3;THE WESSEX SCHOOL;8;DEL BIOBÍO;81;CONCEPCI;8101;CONCEPCIÓN;4;3;5;1;289;320;11,4;8,1;75;2931;67;0;950;90,63953488;-36,78634;-73,01875;MAS DE $100.000
2022;2m;12025;1;COLEGIO ITAHUE DE CHIGUAYANTE;8;DEL BIOBÍO;81;CONCEPCI;8103;CHIGUAYANTE;4;3;5;1;287;348;8,3;0;39;1424;9;0;332;91,15;-36,876333;-73,03325;MAS DE $100.000
2022;2m;12031;6;COLEGIO SAN DIEGO DE ALCALÁ;8;DEL BIOBÍO;83;BIOBÍO;8312;TUCAPEL;3;2;3;1;272;261;25;41,9;37;1447;209;209;619;88,78333333;-37,244202;-71,944183;GRATUITO
2022;2m;12033;2;LICEO INDUSTRIAL METODISTA DE CORONEL;8;DEL BIOBÍO;81;CONCEPCI;8102;CORONEL;3;2;2;1;208;211;82,7;84,3;61;2243;178;178;895;90,78164925;-36,991669;-73,168007;GRATUITO
2022;2m;12036;7;COLEGIO PINARES;8;DEL BIOBÍO;81;CONCEPCI;8103;CHIGUAYANTE;4;3;5;1;333;390;0;0;24;990;4;0;270;91,99502488;-36,8886;-73,03553;MAS DE $100.000
2022;2m;12037;5;LICEO POLIVALENTE HERMANAS MAESTRAS DE LA SANTA CRUZ;8;DEL BIOBÍO;83;BIOBÍO;8304;LAJA;3;2;3;1;225;244;72,1;53,5;60;2402;219;219;712;87,72374429;-37,286701;-72,702843;GRATUITO
2022;2m;12059;6;COLEGIO AGRÍCOLA LOS MAYOS;8;DEL BIOBÍO;83;BIOBÍO;8311;SANTA BÁRBARA;3;2;1;2;207;203;84,6;86,2;23;898;2;2;177;92,45454545;-37,67458;-71,934181;GRATUITO
2022;2m;12062;6;LICEO MAURICIO HOCHSCHILD;8;DEL BIOBÍO;81;CONCEPCI;8108;SAN PEDRO DE LA;3;2;2;1;221;232;73,5;65,6;76;3094;253;253;965;86,4525627;-36,843578;-73,112289;GRATUITO
2022;2m;12063;4;THE THOMAS JEFFERSON SCHOOL;8;DEL BIOBÍO;81;CONCEPCI;8110;TALCAHUANO;4;3;5;1;285;335;20,5;4,8;71;2743;38;0;1020;92,18978102;-36,785557;-73,06083;MAS DE $100.000
2022;2m;12767;1;COLEGIO INGLÉS THE SOWER SCHOOL;8;DEL BIOBÍO;83;BIOBÍO;8313;YUMBEL;3;2;2;1;215;213;87,5;79,2;25;1024;102;102;442;99,26470588;-37,107262;-72,563133;SIN INFORMACION
2022;2m;16793;2;LICEO TECNICO PROFESIONAL LA ARAUCANA;8;DEL BIOBÍO;81;CONCEPCI;8101;CONCEPCIÓN;3;2;2;1;221;228;72,4;73,3;26;850;111;0;407;84,20300752;-36,80378;-73,029922;SIN INFORMACION
2022;2m;17600;1;COLEGIO SAN GABRIEL ARCANGEL;8;DEL BIOBÍO;83;BIOBÍO;8301;LOS ÁNGELES;3;2;4;1;253;263;45,7;43,2;140;5345;920;0;2450;86,41805556;-37,442551;-72,338333;$25.001 A $50.000
2022;2m;17605;2;COLEGIO INGLÉS WOODLAND;8;DEL BIOBÍO;83;BIOBÍO;8301;LOS ÁNGELES;3;2;4;1;262;318;36,4;10,8;59;2374;420;420;1140;86,0494012;-37,458271;-72,339256;GRATUITO
2022;2m;17606;0;COLEGIO CONCEPCION SAN PEDRO;8;DEL BIOBÍO;81;CONCEPCI;8108;SAN PEDRO DE LA;4;3;5;1;280;306;25,3;17,9;61;2178;121;0;1193;90,64914773;-36,843403;-73,10821;MAS DE $100.000
2022;2m;17607;9;COLEGIO INGLÉS BRITISH ROYAL SCHOOL;8;DEL BIOBÍO;81;CONCEPCI;8101;CONCEPCIÓN;3;2;4;1;272;303;29,7;21,1;82;2249;248;0;891;90,40384615;-36,799751;-73,06218;MAS DE $100.000
2022;2m;17634;6;COLEGIO DE LA SANTISIMA TRINIDAD;8;DEL BIOBÍO;81;CONCEPCI;8108;SAN PEDRO DE LA;4;3;5;1;299;325;22,7;9,5;42;1489;14;0;394;90,78017241;-36,855115;-73,09815;MAS DE $100.000
2022;2m;17635;4;COL. TECNICO PROFESIONAL LOS ACACIOS;8;DEL BIOBÍO;81;CONCEPCI;8101;CONCEPCIÓN;3;2;2;1;254;302;46,4;22,6;84;2995;545;545;1601;89,70952381;-36,810921;-73,045036;GRATUITO
2022;2m;17643;5;LICEO AGRICOLA DE NEGRETE;8;DEL BIOBÍO;83;BIOBÍO;8307;NEGRETE;3;2;1;2;237;219;;;12;438;7;7;83;75,91954023;-37,590382;-72,527061;GRATUITO
2022;2m;17652;4;COLEGIO RAIQUEN;8;DEL BIOBÍO;83;BIOBÍO;8313;YUMBEL;3;2;3;1;233;265;62,8;41,9;36;1392;231;231;614;97,01408451;-37,098221;-72,558601;GRATUITO
2022;2m;17657;5;INSTITUTO DE HUMANIDADES ANTONIO MORENO CASAMITJANA;8;DEL BIOBÍO;81;CONCEPCI;8102;CORONEL;3;2;3;1;261;275;40;36,8;68;2529;498;498;1228;84,89444444;-36,981739;-73,167648;GRATUITO
2022;2m;17658;3;COLEGIO EINSTEIN;8;DEL BIOBÍO;81;CONCEPCI;8101;CONCEPCIÓN;4;3;5;1;218;233;76,9;71,4;12;342;12;0;79;89,5;-36,828449;-73,05529;MAS DE $100.000
2022;2m;17660;5;SCUOLA ITALIANA DI CONCEPCION;8;DEL BIOBÍO;81;CONCEPCI;8102;CORONEL;3;2;4;1;299;282;8,3;29,2;30;1091;76;0;421;88,48760331;-36,941959;-73,152328;MAS DE $100.000
2022;2m;17687;7;COLEGIO TERESIANO LOS ANGELES;8;DEL BIOBÍO;83;BIOBÍO;8301;LOS ÁNGELES;3;2;4;1;266;271;32,4;42;62;2299;421;421;1161;79,31314623;-37,452061;-72,36956;GRATUITO
2022;2m;17703;2;COLEGIO ESPIRITU SANTO;8;DEL BIOBÍO;81;CONCEPCI;8110;TALCAHUANO;3;2;3;1;238;251;58,7;60;71;2643;370;0;1090;90,56521739;-33,609211;-71,597122;$10.001 A $25.000
2022;2m;17708;3;COLEGIO SAN CRISTOBAL;8;DEL BIOBÍO;81;CONCEPCI;8110;TALCAHUANO;3;2;4;1;276;296;20,8;13;0;0;159;159;0;95,27235772;-34,1723178;-70,7431474;SIN INFORMACION
2022;2m;17719;9;COLEGIO PARTICULAR CONTINENTAL;8;DEL BIOBÍO;82;ARAUCO;8205;CURANILAHUE;3;2;3;1;285;364;25;3,1;35;1209;237;237;566;94,37804878;-37,473808;-73,343697;GRATUITO
2022;2m;17728;8;COLEGIO EL BOSQUE;8;DEL BIOBÍO;82;ARAUCO;8202;ARAUCO;3;2;4;1;268;260;16,7;40;37;1384;159;0;417;88,31034483;-37,245651;-73,321083;$50.001 A $100.000
2022;2m;17736;9;COLEGIO SAN IGNACIO;8;DEL BIOBÍO;83;BIOBÍO;8301;LOS ÁNGELES;3;2;2;1;230;237;70;69,6;61;2218;289;0;815;88,39914163;-33,032051;-71,530472;$50.001 A $100.000
2022;2m;17746;6;COLEGIO OLIMPIA GUZMAN BELLO;8;DEL BIOBÍO;81;CONCEPCI;8103;CHIGUAYANTE;3;2;2;1;196;242;;;19;613;33;33;141;91,06862745;-36,9356;-73,022202;GRATUITO
2022;2m;17750;4;COLEGIO SALESIANO DE CONCEPCION;8;DEL BIOBÍO;81;CONCEPCI;8101;CONCEPCIÓN;3;2;3;1;224;249;60,7;54,9;105;4143;755;755;1917;87,44093567;-36,81905;-73,034409;GRATUITO
2022;2m;17765;2;COLEGIO MADRE PAULINA;8;DEL BIOBÍO;81;CONCEPCI;8103;CHIGUAYANTE;3;2;3;1;240;248;59,2;51,5;74;3056;471;471;1068;86,15797788;-36,93927;-73,010696;GRATUITO
2022;2m;17772;5;LICEO POLITECNICO CANETE;8;DEL BIOBÍO;82;ARAUCO;8203;CAÑETE;3;2;1;1;225;223;68,3;74;44;1691;41;41;611;92,36792453;-37,799992;-73,390228;GRATUITO
2022;2m;17778;4;COLEGIO SAN JUAN DE DIOS;8;DEL BIOBÍO;83;BIOBÍO;8306;NACIMIENTO;3;2;2;1;250;249;51,6;56,7;0;0;288;288;0;90,30343797; ; ;SIN INFORMACION
2022;2m;17779;2;COLEGIO PACIFIC SCHOOL;8;DEL BIOBÍO;81;CONCEPCI;8103;CHIGUAYANTE;3;2;3;1;250;284;54,3;28,1;49;1613;296;0;792;94,47070313;-36,911518;-73,029083;$25.001 A $50.000
2022;2m;17782;2;LICEO RIOS DE CHILE;8;DEL BIOBÍO;81;CONCEPCI;8107;PENCO;2;1;1;1;217;214;82,9;82,2;47;1900;60;60;404;91,82758621;-36,708839;-72,974792;GRATUITO
2022;2m;17788;1;COLEGIO AMANECER;8;DEL BIOBÍO;81;CONCEPCI;8102;CORONEL;3;2;3;1;250;256;48,7;50,6;0;0;349;0;0;95,37117904;-35,59145862;-71,73202622;$25.001 A $50.000
2022;2m;17790;3;LICEO BICENTENARIO DE EXCELENCIA NUEVO MUNDO;8;DEL BIOBÍO;83;BIOBÍO;8305;MULCHÉN;2;1;1;1;234;242;66,7;67,2;50;2022;84;84;486;91,26409496;-37,711979;-72,240471;GRATUITO
2022;2m;17812;8;COLEGIO CONCEPCION CHIGUAYANTE;8;DEL BIOBÍO;81;CONCEPCI;8103;CHIGUAYANTE;3;2;4;1;279;306;28,6;15,9;58;2069;356;0;1199;89,81460674;-36,902611;-73,028137;MAS DE $100.000
2022;2m;17817;9;COLEGIO PARTICULAR FRANCYS;8;DEL BIOBÍO;82;ARAUCO;8202;ARAUCO;3;2;2;1;230;221;74,2;75,9;32;1022;150;150;402;86,80442804;-37,169991;-73,19088;GRATUITO
2022;2m;17818;7;LICEO TECNICO PROFESIONAL DE LA MADERA;8;DEL BIOBÍO;81;CONCEPCI;8102;CORONEL;3;2;1;1;227;227;67;74,7;51;1901;129;129;581;86,25;-36,976391;-73,163948;GRATUITO
2022;2m;17833;0;COLEGIO ETCHEGOYEN TALCAHUANO;8;DEL BIOBÍO;81;CONCEPCI;8110;TALCAHUANO;3;2;4;1;252;263;43,5;45,8;119;4443;796;0;2272;86,99201278;-36,715199;-73,112396;$50.001 A $100.000
2022;2m;17843;8;COLEGIO AURORA DE CHILE CHIGUAYANTE;8;DEL BIOBÍO;81;CONCEPCI;8103;CHIGUAYANTE;3;2;3;1;254;237;43,5;63,1;40;1350;249;0;647;88,3659306;-36,92593;-73,025383;$25.001 A $50.000
2022;2m;17850;0;COLEGIO BICENTENARIO PADRE MANUEL D`ALZON;8;DEL BIOBÍO;81;CONCEPCI;8106;LOTA;3;2;3;1;237;240;61,7;63,6;95;3881;551;547;1663;92,30787037;-37,09185;-73,164345;GRATUITO
2022;2m;17854;3;COLEGIO VILLA NONGUEN;8;DEL BIOBÍO;81;CONCEPCI;8101;CONCEPCIÓN;3;2;2;1;265;279;40,6;34,4;34;1329;144;144;463;87,35611511;-36,831032;-73,007103;GRATUITO
2022;2m;17855;1;COLEGIO INMACULADA CONCEPCION;8;DEL BIOBÍO;81;CONCEPCI;8101;CONCEPCIÓN;3;2;4;1;278;295;27,9;30,6;76;3017;522;0;1356;91,48259861;-34,580379;-70,98896;$25.001 A $50.000
2022;2m;17857;8;LICEO OBISPO SAN MIGUEL;8;DEL BIOBÍO;81;CONCEPCI;8103;CHIGUAYANTE;3;2;3;1;252;259;41,1;52,9;19;667;134;0;360;91,27423823;-36,90461;-73,031609;$25.001 A $50.000
2022;2m;17858;6;COLEGIO MIXTO INMACULADA CONCEPCION;8;DEL BIOBÍO;81;CONCEPCI;8110;TALCAHUANO;3;2;4;1;254;258;44,8;47,5;71;2864;285;0;851;86,144;-36,715389;-73,113808;$50.001 A $100.000
2022;2m;17859;4;COLEGIO ALMONDALE;8;DEL BIOBÍO;81;CONCEPCI;8108;SAN PEDRO DE LA;3;2;5;1;266;313;34,1;18,3;75;3047;272;0;1495;89,22916667;-36,83419;-73,103149;MAS DE $100.000
2022;2m;17860;8;COLEGIO SAN LUIS;8;DEL BIOBÍO;81;CONCEPCI;8110;TALCAHUANO;3;2;2;1;224;225;70;76,3;0;0;76;76;0;78;-34,16882087;-70,70574399;GRATUITO
2022;2m;17876;4;AMERICAN JUNIOR COLLEGE;8;DEL BIOBÍO;81;CONCEPCI;8102;CORONEL;3;2;3;1;248;255;50;50,8;49;1835;292;0;853;83,72048611;-36,979118;-73,165039;$50.001 A $100.000
2022;2m;17877;2;COLEGIO PADRE ALBERTO HURTADO LOS ANGELES;8;DEL BIOBÍO;83;BIOBÍO;8301;LOS ÁNGELES;3;2;4;1;270;285;35,9;29,3;67;2463;443;0;1218;84,2294854;-37,462841;-72,311523;$25.001 A $50.000
2022;2m;17885;3;CENTRO EDUCACIONAL BICENTENARIO ALTOS DE TOMÉ;8;DEL BIOBÍO;81;CONCEPCI;8111;TOMÉ;2;1;2;1;212;232;75,9;67,2;77;3089;243;243;880;93,90026596;-36,60215;-72,958054;GRATUITO
2022;2m;17900;0;COLEGIO METODISTA CONCEPCION;8;DEL BIOBÍO;81;CONCEPCI;8101;CONCEPCIÓN;3;2;4;1;277;303;22,2;20;38;1182;142;0;409;90,38842975;-36,823059;-73,050194;$50.001 A $100.000
2022;2m;17912;4;COLEGIO CREACIÓN CONCEPCIÓN;8;DEL BIOBÍO;81;CONCEPCI;8101;CONCEPCIÓN;3;2;4;1;257;267;42,1;48,9;51;1821;416;0;1084;88,7152;-36,82172;-73,01931;$50.001 A $100.000
2022;2m;17915;9;COLEGIO POLIVALENTE DOMINGO PARRA CORVALAN;8;DEL BIOBÍO;81;CONCEPCI;8102;CORONEL;3;2;2;1;234;210;57,4;86,8;75;2928;198;198;1091;84,72122762;-36,987011;-73,152603;GRATUITO
2022;2m;17918;3;COLEGIO SAINT GEORGE SCHOOL;8;DEL BIOBÍO;83;BIOBÍO;8301;LOS ÁNGELES;3;2;3;1;253;256;46,1;45,3;52;2085;464;464;1226;88,83237822;-37,457561;-72,334183;GRATUITO
2022;2m;18004;1;LICEO BICENTENARIO TÉCNICO PROFESIONAL ALONSO DE ERCILLA;8;DEL BIOBÍO;82;ARAUCO;8203;CAÑETE;2;1;1;1;210;217;75,6;81,3;0;0;0;0;0;0;;;SIN INFORMACION
2022;2m;18007;6;COLEGIO CARMELA ROMERO DE ESPINOSA;8;DEL BIOBÍO;81;CONCEPCI;8101;CONCEPCIÓN;4;3;4;1;258;259;40,3;45,3;50;1663;264;0;954;87,73090278;-36,82831754;-73,05739906;MAS DE $100.000
2022;2m;18034;3;COLEGIO SOUTHERN COLLEGE;8;DEL BIOBÍO;83;BIOBÍO;8301;LOS ÁNGELES;3;2;3;1;227;248;66,7;60;63;2692;435;0;1080;86,4224;-37,469879;-72,371422;$25.001 A $50.000
2022;2m;18037;8;LICEO RALCO;8;DEL BIOBÍO;83;BIOBÍO;8314;ALTO BIOBÍO;2;1;1;2;193;189;93,3;94,1;19;765;6;6;180;81,37323944;-37,87896;-71,640213;GRATUITO
2022;2m;18049;1;COLEGIO ADVENTISTA DE CONCEPCION;8;DEL BIOBÍO;81;CONCEPCI;8110;TALCAHUANO;3;2;4;1;259;275;48,7;30,9;48;1837;309;0;776;89,35752688;-36,8279;-73,056229;$50.001 A $100.000
2022;2m;18050;5;COLEGIO LA FUENTE;8;DEL BIOBÍO;83;BIOBÍO;8301;LOS ÁNGELES;3;2;4;1;272;282;25;25;29;1063;121;121;435;98,99588477;-37,43869;-72,320717;GRATUITO
2022;2m;18055;6;COLEGIO MOZART SCHULE;8;DEL BIOBÍO;81;CONCEPCI;8101;CONCEPCIÓN;4;3;5;1;273;269;23,1;33,3;32;1113;31;0;244;91,00729927;-36,833101;-73,03599;MAS DE $100.000
2022;2m;18066;1;COLEGIO AURORA DE CHILE SUR;8;DEL BIOBÍO;81;CONCEPCI;8103;CHIGUAYANTE;3;2;2;1;236;241;61,7;59,7;41;1627;182;0;639;89,2;-36,932941;-73,02166;$25.001 A $50.000
2022;2m;18075;0;COLEGIO JAHVE NISI;8;DEL BIOBÍO;81;CONCEPCI;8109;SANTA JUANA;3;2;1;1;238;227;52,6;66,7;29;1102;54;54;264;86,75806452;-37,17305;-72,937569;GRATUITO
2022;2m;18080;7;LICEO POLITECNICO CARAMPANGUE;8;DEL BIOBÍO;82;ARAUCO;8202;ARAUCO;2;1;1;1;221;214;73,4;76,6;52;2035;94;94;402;84,13186813;-37,258339;-73,242523;GRATUITO
2022;2m;18090;4;COLEGIO SAN LORENZO;8;DEL BIOBÍO;83;BIOBÍO;8301;LOS ÁNGELES;3;2;1;2;232;226;75;75;0;0;290;290;0;82,41339869;-33,56445883;-70,58437589;$10.001 A $25.000
2022;2m;18097;1;COLEGIO ALMONDALE LOMAS;8;DEL BIOBÍO;81;CONCEPCI;8101;CONCEPCIÓN;3;2;5;1;281;302;18,6;17;83;3162;292;0;1700;88,9625;-36,77544;-73,043999;MAS DE $100.000
2022;2m;18112;9;LICEO BICENTENARIO INES ENRIQUEZ FRODDEN;8;DEL BIOBÍO;81;CONCEPCI;8104;FLORIDA;6;4;1;1;237;233;57,9;65;44;1563;81;79;483;88,73051948;-36,823139;-72,653397;GRATUITO
2022;2m;18114;5;COLEGIO A-LAFKEN;8;DEL BIOBÍO;81;CONCEPCI;8107;PENCO;3;2;4;1;270;276;26,3;35;35;1245;138;135;479;97,00421941;-36,743118;-72,996758;GRATUITO
2022;2m;18126;9;COLEGIO PORVENIR SCHOOL;8;DEL BIOBÍO;81;CONCEPCI;8103;CHIGUAYANTE;3;2;1;1;234;223;;90,9;44;1640;77;73;526;85,73459716;-36,951279;-73,022293;GRATUITO
2022;2m;18128;5;COLEGIO SANTO TOMÁS;8;DEL BIOBÍO;83;BIOBÍO;8301;LOS ÁNGELES;3;2;4;1;273;299;26,9;15,4;55;2214;263;0;825;85,9943074;-37,482262;-72,351646;$50.001 A $100.000
2022;2m;18172;2;COLEGIO AMANECER TALCAHUANO;8;DEL BIOBÍO;81;CONCEPCI;8110;TALCAHUANO;3;2;3;1;251;260;48,6;42,3;75;3034;476;0;1217;81,91125;-36,751678;-73,084457;$25.001 A $50.000
2022;2m;18181;1;INSTITUTO HUMANIDADES MONSEÑOR JOSE MANUEL SANTO ASCARZA;8;DEL BIOBÍO;81;CONCEPCI;8103;CHIGUAYANTE;3;2;3;1;241;272;52,5;37,5;63;2131;498;498;1209;84,37375178;-36,942719;-73,018173;GRATUITO
2022;2m;18218;4;COLEGIO NUEVOS HORIZONTES;8;DEL BIOBÍO;81;CONCEPCI;8108;SAN PEDRO DE LA;2;1;1;1;223;204;77,1;87,5;60;2503;53;53;610;85,16574586;-36,85067;-73,1455;GRATUITO
2022;2m;18237;0;COLEGIO AMANECER SAN CARLOS;8;DEL BIOBÍO;81;CONCEPCI;8108;SAN PEDRO DE LA;3;2;3;1;243;249;56,7;55,2;73;3026;361;0;1150;86,39524517;-36,888802;-73,142197;$50.001 A $100.000
2022;2m;18249;4;COLEGIO INSTITUTO CRISTIANO GRACIA Y PAZ;8;DEL BIOBÍO;83;BIOBÍO;8301;LOS ÁNGELES;3;2;3;1;271;253;40;40;34;1362;127;127;429;81,36470588;-37,43956;-72,322884;GRATUITO
2022;2m;31085;9;COLEGIO EL ARRAYAN;8;DEL BIOBÍO;81;CONCEPCI;8108;SAN PEDRO DE LA;3;2;3;1;245;262;50,7;48,6;91;3688;520;520;1304;92,74698795;-33,319;-71,404167;GRATUITO
2022;2m;31103;2;LICEO BICENTENARIO DE CORONEL;8;DEL BIOBÍO;81;CONCEPCI;8102;CORONEL;2;1;3;1;281;291;22,7;33,3;29;1180;181;181;496;91,56213018;-36,985569;-73,158546;GRATUITO
2022;2m;31106;5;COLEGIO SAINT JOAN COLLEGE;8;DEL BIOBÍO;81;CONCEPCI;8109;SANTA JUANA;3;2;3;1;233;282;52,2;27,3;30;967;134;0;394;89,61666667;-37,179291;-72,941452;$10.001 A $25.000
2022;2m;31107;3;COLEGIO ESPERANZA;8;DEL BIOBÍO;83;BIOBÍO;8303;CABRERO;3;2;2;1;226;249;;50;23;701;62;62;218;93,80434783;-33,0327;-71,58551;GRATUITO
2022;2m;31110;3;COLEGIO FRATERNIDAD;8;DEL BIOBÍO;81;CONCEPCI;8108;SAN PEDRO DE LA;3;2;4;1;275;320;21,4;9,7;63;2242;294;0;1194;90,64394993;-36,88192;-73,145462;MAS DE $100.000
2022;2m;31130;5;COLEGIO PARTICULAR SUBVENCIONADO TIMONEL-CORONEL;8;DEL BIOBÍO;81;CONCEPCI;8102;CORONEL;3;2;3;1;244;276;43,5;30,4;30;928;121;121;368;91,2358804;-36,974018;-73,148598;GRATUITO
2022;2m;4160;2;LICEO COMERCIAL CAMILO HENRIQUEZ;8;DEL BIOBÍO;83;BIOBÍO;8301;LOS ÁNGELES;3;2;1;1;234;241;57,3;61,8;94;3536;202;202;1381;92,54116059;-37,46563;-72,367432;GRATUITO
2022;2m;4162;9;LICEO COMERCIAL DIEGO PORTALES PALAZUELO;8;DEL BIOBÍO;83;BIOBÍO;8301;LOS ÁNGELES;2;1;1;1;222;234;73,2;67,2;97;4073;367;367;1440;88,95673759;-37,471207;-72,351662;GRATUITO
2022;2m;4163;7;LICEO BICENTENARIO LOS ÁNGELES;8;DEL BIOBÍO;83;BIOBÍO;8301;LOS ÁNGELES;2;1;3;1;241;251;54,6;53,4;90;3724;631;631;1566;88,82328482;-37,472881;-72,344063;GRATUITO
2022;2m;4164;5;LICEO COEDUCACIONAL SANTA MARÍA DE LOS ÁNGELES;8;DEL BIOBÍO;83;BIOBÍO;8301;LOS ÁNGELES;2;1;2;1;237;248;57,1;53,5;84;3450;388;388;1079;84,76984127;-37,473179;-72,352127;GRATUITO
2022;2m;4165;3;LICEO INDUSTRIAL SAMUEL VIVANCO PARADA;8;DEL BIOBÍO;83;BIOBÍO;8301;LOS ÁNGELES;2;1;1;1;207;225;83,4;69,6;100;3719;141;134;920;68,31034483;-37,46981;-72,364731;GRATUITO
2022;2m;41658;4;COLEGIO EINSTEIN;8;DEL BIOBÍO;81;CONCEPCI;8102;CORONEL;3;2;3;1;243;253;57,1;56,9;12;342;12;0;79;89,5;-36,828449;-73,05529;MAS DE $100.000
2022;2m;4166;1;LICEO TECNICO BICENTENARIO JUANITA FERNANDEZ SOLAR;8;DEL BIOBÍO;83;BIOBÍO;8301;LOS ÁNGELES;2;1;1;1;232;240;69,4;62,8;82;3371;156;156;892;83;-37,468491;-72,364929;GRATUITO
2022;2m;41702;5;COLEGIO PRESTON SCHOOL;8;DEL BIOBÍO;81;CONCEPCI;8112;HUALPÉN;4;3;4;1;283;297;20;25,5;16;522;285;0;0;96,13016529;-36,8009753;-73,10597832;MAS DE $100.000
2022;2m;41791;2;COLEGIO THE ALMONDALE SCHOOL VALLE;8;DEL BIOBÍO;81;CONCEPCI;8101;CONCEPCIÓN;4;3;4;1;257;302;41,7;10;27;1001;52;0;326;93,06882591;-36,8179422;-73,0059523;SIN INFORMACION
2022;2m;41899;4;COLEGIO SAN JORGE;8;DEL BIOBÍO;83;BIOBÍO;8304;LAJA;3;2;4;1;267;292;33,3;19;45;1620;80;0;478;89,91221374;-18,50215;-70,24618;MAS DE $100.000
2022;2m;4190;4;LICEO SANTA FE;8;DEL BIOBÍO;83;BIOBÍO;8301;LOS ÁNGELES;2;1;1;2;226;202;72,2;85,7;55;2265;134;134;573;86,2016129;-37,466728;-72,579788;GRATUITO
2022;2m;4195;5;LICEO AGROINDUSTRIAL LLANO BLANCO;8;DEL BIOBÍO;83;BIOBÍO;8301;LOS ÁNGELES;2;1;1;2;224;222;83,3;77,3;44;1752;63;63;373;81,63235294;-37,56366;-72,179413;GRATUITO
2022;2m;4262;5;COLEGIO PARTICULAR MARTA BRUNET;8;DEL BIOBÍO;83;BIOBÍO;8301;LOS ÁNGELES;3;2;2;1;234;221;60,3;75,4;57;2148;230;230;871;90,81628788;-37,477402;-72,34964;GRATUITO
2022;2m;4263;3;COLEGIO SAN RAFAEL ARCANGEL;8;DEL BIOBÍO;83;BIOBÍO;8301;LOS ÁNGELES;3;2;3;1;247;268;47,6;38,2;67;2534;465;0;1239;83,03497615;-37,464211;-72,339256;$25.001 A $50.000
2022;2m;4269;2;COLEGIO HISPANOAMERICANO;8;DEL BIOBÍO;83;BIOBÍO;8301;LOS ÁNGELES;3;2;2;1;244;268;47,9;30,2;49;1766;275;275;910;88,90192308;-37,473309;-72,350159;GRATUITO
2022;2m;4270;6;LICEO PARTICULAR CARLOS CONDELL;8;DEL BIOBÍO;83;BIOBÍO;8301;LOS ÁNGELES;3;2;1;1;248;251;57,7;57,1;30;1162;35;35;393;85,18627451;-37,4767;-72,361908;GRATUITO
2022;2m;4277;3;CENTRO EDUCACIÓN ADVENTISTA LOS ÁNGELES;8;DEL BIOBÍO;83;BIOBÍO;8301;LOS ÁNGELES;3;2;2;2;231;231;62,9;67,9;110;4421;531;0;1806;84,89699571;-37,432491;-72,184799;$25.001 A $50.000
2022;2m;4285;4;LICEO ALEMAN DEL VERBO DIVINO;8;DEL BIOBÍO;83;BIOBÍO;8301;LOS ÁNGELES;4;3;5;1;264;293;32,5;25,6;80;2749;112;0;1384;91,82054616;-37,476821;-72,35112;MAS DE $100.000
2022;2m;4286;2;COLEGIO ALEMAN LOS ANGELES;8;DEL BIOBÍO;83;BIOBÍO;8301;LOS ÁNGELES;4;3;5;1;292;320;15;9,8;80;3262;27;0;859;92,43803419;-37,472829;-72,32818;MAS DE $100.000
2022;2m;4287;0;LICEO AGRÍCOLA Y FORESTAL EL HUERTÓN;8;DEL BIOBÍO;83;BIOBÍO;8301;LOS ÁNGELES;5;2;1;1;196;216;83,5;76,7;36;1277;115;0;639;85,77358491;-37,456501;-72,277092;GRATUITO
2022;2m;4288;9;LICEO BICENTENARIO POLITÉCNICO MONTE ÁGUILA;8;DEL BIOBÍO;83;BIOBÍO;8303;CABRERO;2;1;1;1;216;221;74,3;72,3;57;2318;115;115;620;89,81642512;-37,083931;-72,436996;GRATUITO
2022;2m;4289;7;LICEO MANUEL ARÍSTIDES ZAÑARTU;8;DEL BIOBÍO;83;BIOBÍO;8303;CABRERO;2;1;2;1;236;234;68;63,5;50;2133;156;154;595;90,74489796;-37,03413;-72,397346;GRATUITO
2022;2m;4292;7;ESCUELA SALTO EL LAJA;8;DEL BIOBÍO;83;BIOBÍO;8303;CABRERO;2;1;2;2;252;237;45;64;32;1273;96;96;390;92,852;-37,20034;-72,389526;GRATUITO
2022;2m;4307;9;COLEGIO SAN JOSE;8;DEL BIOBÍO;83;BIOBÍO;8303;CABRERO;3;2;3;1;244;265;52;49;58;2313;360;360;1003;87,70744681;-36,137451;-71,825821;GRATUITO
2022;2m;4309;5;LICEO DE HUEPIL;8;DEL BIOBÍO;83;BIOBÍO;8312;TUCAPEL;2;1;1;1;234;214;65,6;86;37;1237;77;75;359;85,04792332;-37,240139;-71,942047;GRATUITO
2022;2m;4310;9;LICEO ANDRÉS ALCÁZAR DE TUCAPEL;8;DEL BIOBÍO;83;BIOBÍO;8312;TUCAPEL;2;1;2;1;257;233;39,1;66,7;47;1515;65;61;407;92,77737226;-37,290211;-71,945969;GRATUITO
2022;2m;4324;9;LICEO DOCTOR VÍCTOR RÍOS RUIZ;8;DEL BIOBÍO;83;BIOBÍO;8302;ANTUCO;2;1;2;1;259;242;30,8;59,6;45;1763;77;77;545;85,08896797;-37,332001;-71,677879;GRATUITO
2022;2m;4331;1;LICEO BICENTENARIO FRANCISCO BASCUNAN GUERRERO;8;DEL BIOBÍO;83;BIOBÍO;8309;QUILLECO;2;1;1;1;234;221;66,7;83,8;50;1938;123;123;559;80,14327485;-37,467651;-71,981171;GRATUITO
2022;2m;4333;8;LICEO ISABEL RIQUELME;8;DEL BIOBÍO;83;BIOBÍO;8309;QUILLECO;2;1;2;1;225;217;69,2;78,6;35;1279;91;91;384;85,47598253;-37,402241;-72,011917;GRATUITO
2022;2m;4353;2;LICEO CARDENAL ANTONIO SAMORE;8;DEL BIOBÍO;83;BIOBÍO;8311;SANTA BÁRBARA;2;1;1;1;239;223;59,3;76,7;39;1411;57;55;391;82,89538462;-37,66568;-72,033081;GRATUITO
2022;2m;4382;6;COLEGIO SANTA BARBARA;8;DEL BIOBÍO;83;BIOBÍO;8311;SANTA BÁRBARA;3;2;2;1;234;223;60,7;78,6;32;1228;158;158;613;89,28450704;-37,66711;-72,021347;GRATUITO
2022;2m;4392;3;LICEO BICENTENARIO VALLE DEL SOL QUILACO;8;DEL BIOBÍO;83;BIOBÍO;8308;QUILACO;2;1;2;1;228;249;57,1;42,9;41;1596;58;58;442;88,17586207;-37,684052;-72,001701;GRATUITO
2022;2m;4404;0;LICEO MIGUEL ÁNGEL CERDA LEIVA;8;DEL BIOBÍO;83;BIOBÍO;8305;MULCHÉN;2;1;2;1;249;251;44,3;54,2;54;2198;214;214;622;92,85849057;-37,71909;-72,244713;GRATUITO
2022;2m;4408;3;LICEO CRISOL;8;DEL BIOBÍO;83;BIOBÍO;8305;MULCHÉN;2;1;1;1;223;219;70,4;79,3;53;2046;73;73;546;88,57142857;-37,719139;-72,234833;GRATUITO
2022;2m;4446;6;LICEO POLIVALENTE LA FRONTERA;8;DEL BIOBÍO;83;BIOBÍO;8307;NEGRETE;2;1;1;1;223;236;66;62,3;88;3424;177;177;1048;92,98344371;-37,58379;-72,532333;GRATUITO
2022;2m;4451;2;LICEO POLIVALENTE MUNICIPAL DE NACIMIENTO;8;DEL BIOBÍO;83;BIOBÍO;8306;NACIMIENTO;2;1;1;1;235;242;56,2;55,1;76;3057;257;254;945;85,67627785;-37,506809;-72,672203;GRATUITO
2022;2m;4483;0;LICEO BICENTENARIO POLITECNICO HEROES DE LA CONCEPCIÓN;8;DEL BIOBÍO;83;BIOBÍO;8304;LAJA;2;1;2;1;246;257;51,7;46,1;100;4077;256;256;1131;92,71046771;-37,278782;-72,713203;GRATUITO
2022;2m;4500;4;LICEO ISIDORA AGUIRRE TUPPER;8;DEL BIOBÍO;83;BIOBÍO;8310;SAN ROSENDO;2;1;2;1;273;259;23,5;47,1;35;1342;72;72;372;87,72444444;-37,261749;-72,722427;GRATUITO
2022;2m;4505;5;LICEO PADRE LUIS ALBERTO SALDES IRARRAZABAL;8;DEL BIOBÍO;83;BIOBÍO;8313;YUMBEL;2;1;1;1;232;222;68,3;74,6;33;1064;51;51;284;89,12837838;-37,096722;-72,565392;GRATUITO
2022;2m;4507;1;LICEO TÉCNICO PROFESIONAL GONZALO GUGLIELMI MONTIEL;8;DEL BIOBÍO;83;BIOBÍO;8313;YUMBEL;2;1;1;1;225;234;69;60;55;1808;62;62;408;86,12053571;-37,142551;-72,538696;GRATUITO
2022;2m;4509;8;LICEO MUNICIPAL RIO CLARO;8;DEL BIOBÍO;83;BIOBÍO;8313;YUMBEL;2;1;1;2;242;238;52,9;64,7;39;1292;48;48;294;89,71751412;-37,102119;-72,56076;GRATUITO
2022;2m;4530;6;INSTITUTO SAN SEBASTIÁN BÁSICO.;8;DEL BIOBÍO;83;BIOBÍO;8313;YUMBEL;3;2;3;1;264;275;37,8;35,1;56;2265;305;305;1057;87,50743802;-37,097252;-72,562019;GRATUITO
2022;2m;4531;4;COLEGIO MARINA DE CHILE;8;DEL BIOBÍO;81;CONCEPCI;8101;CONCEPCIÓN;6;4;2;1;236;231;58,7;65,7;76;2766;336;336;1105;83,86142322;-36,809231;-73,07383;GRATUITO
2022;2m;4533;0;LICEO TÉCNICO FEMENINO A-29 DE CONCEPCIÓN;8;DEL BIOBÍO;81;CONCEPCI;8101;CONCEPCIÓN;5;2;1;1;214;219;76,7;79,5;43;1655;85;0;497;75,98818898;-36,832649;-73,048523;GRATUITO
2022;2m;4534;9;LICEO BICENTENARIO DE EXCELENCIA COMERCIAL INSUCO;8;DEL BIOBÍO;81;CONCEPCI;8101;CONCEPCIÓN;5;2;2;1;232;245;61,7;58,5;63;2235;288;0;1166;78,69256757;-36,829689;-73,049583;GRATUITO
2022;2m;4535;7;LICEO INDUSTRIAL DE CONCEPCION;8;DEL BIOBÍO;81;CONCEPCI;8101;CONCEPCIÓN;5;2;1;1;207;226;79,6;70;45;1657;111;0;533;80,65277778;-36,82177;-73,009171;GRATUITO
2022;2m;4536;5;LICEO COMERCIAL FEMENINO DE CONCEPCION;8;DEL BIOBÍO;81;CONCEPCI;8101;CONCEPCIÓN;5;2;2;1;238;231;66,7;71,8;31;953;47;0;213;79,98095238;-36,823841;-73,056664;GRATUITO
2022;2m;4553;5;LICEO DE NIÑAS;8;DEL BIOBÍO;81;CONCEPCI;8101;CONCEPCIÓN;6;4;2;1;234;237;61,7;70,5;45;1448;129;129;391;82,59151194;-36,830212;-73,050911;GRATUITO
2022;2m;4555;1;LICEO ENRIQUE MOLINA GARMENDIA;8;DEL BIOBÍO;81;CONCEPCI;8101;CONCEPCIÓN;6;4;2;1;225;224;67,5;78;39;1239;90;90;325;81,53333333;-36,831501;-73,04689;GRATUITO
2022;2m;4557;8;LICEO POLIVALENTE EXPERIMENTAL LUCILA GODOY ALCAYAGA;8;DEL BIOBÍO;81;CONCEPCI;8101;CONCEPCIÓN;6;4;2;1;240;245;50;56,1;34;1075;67;67;239;80,62008734;-36,831902;-73,0495;GRATUITO
2022;2m;4559;4;LICEO LORENZO ARENAS OLIVO;8;DEL BIOBÍO;81;CONCEPCI;8101;CONCEPCIÓN;6;4;1;1;190;191;;;21;554;7;7;50;73,38095238;-36,81192;-73,07769;GRATUITO
2022;2m;4560;8;LICEO CHIGUAYANTE;8;DEL BIOBÍO;81;CONCEPCI;8103;CHIGUAYANTE;6;4;1;1;238;232;60;71,4;54;1984;54;54;311;81,03478261;-36,922901;-73,030617;GRATUITO
2022;2m;4561;6;LICEO JUAN MARTINEZ DE ROZAS;8;DEL BIOBÍO;81;CONCEPCI;8101;CONCEPCIÓN;6;4;3;1;214;213;78,9;81;19;575;13;13;132;83;-36,822361;-73,054237;GRATUITO
2022;2m;4562;4;LICEO SAN PEDRO;8;DEL BIOBÍO;81;CONCEPCI;8108;SAN PEDRO DE LA;2;1;2;1;232;235;66;57,8;39;1464;100;100;362;79,18131868;-36,83963;-73,11097;GRATUITO
2022;2m;4563;2;COLEGIO REPÚBLICA DEL ECUADOR;8;DEL BIOBÍO;81;CONCEPCI;8101;CONCEPCIÓN;6;4;2;1;249;231;52,6;88,9;40;1289;37;37;264;82,04347826;-36,846931;-73,051117;GRATUITO
2022;2m;4564;0;COLEGIO BICENTENARIO REPÚBLICA DEL BRASIL;8;DEL BIOBÍO;81;CONCEPCI;8101;CONCEPCIÓN;6;4;3;1;215;234;73,5;67,3;107;3946;590;590;1482;80,91370558;-36,832211;-73,049713;GRATUITO
2022;2m;4565;9;LICEO DOMINGO SANTA MARÍA;8;DEL BIOBÍO;81;CONCEPCI;8101;CONCEPCIÓN;6;4;2;1;253;245;50;60,9;37;1280;105;105;477;87,07958478;-36,812771;-73,033524;GRATUITO
2022;2m;4571;3;LICEO JOSE HIPOLITO SALAS Y TORO;8;DEL BIOBÍO;81;CONCEPCI;8103;CHIGUAYANTE;6;4;1;1;239;225;44,4;70,6;48;1695;42;38;251;79,21052632;-36,92054;-73,027458;GRATUITO
2022;2m;4572;1;COLEGIO GRAN BRETAÑA;8;DEL BIOBÍO;81;CONCEPCI;8101;CONCEPCIÓN;6;4;2;1;239;235;63,3;64,3;39;1358;53;53;400;81,75242718;-36,820381;-73,052803;GRATUITO
2022;2m;4574;8;COLEGIO BICENTENARIO ESPAÑA;8;DEL BIOBÍO;81;CONCEPCI;8101;CONCEPCIÓN;6;4;2;1;227;232;69,2;70,3;73;2710;244;244;757;81,57808219;-36,824348;-73,036507;GRATUITO
2022;2m;4575;6;ESCUELA BASICA JOHN F. KENNEDY;8;DEL BIOBÍO;81;CONCEPCI;8103;CHIGUAYANTE;6;4;2;1;241;236;52,4;58,8;62;2229;114;114;449;84,248;-36,91293;-73,02565;GRATUITO
2022;2m;4577;2;LICEO REPÚBLICA DE ISRAEL;8;DEL BIOBÍO;81;CONCEPCI;8101;CONCEPCIÓN;6;4;3;1;252;283;40;22,2;43;1492;80;80;405;86,50649351;-36,816349;-73,041496;GRATUITO
2022;2m;4585;3;LICEO REBECA MATTE BELLO;8;DEL BIOBÍO;81;CONCEPCI;8101;CONCEPCIÓN;6;4;2;1;257;312;32;26,9;45;1498;104;104;409;89,21848739;-36,81382;-73,055283;GRATUITO
2022;2m;4588;8;COLEGIO JUAN GREGORIO LAS HERAS;8;DEL BIOBÍO;81;CONCEPCI;8101;CONCEPCIÓN;6;4;3;1;245;246;51,5;51,5;74;2435;252;252;935;83,47882136;-36,819698;-73,046227;GRATUITO
2022;2m;4589;6;LICEO LUCERO GONZALEZ;8;DEL BIOBÍO;81;CONCEPCI;8101;CONCEPCIÓN;6;4;1;1;198;208;84,6;64,3;37;1254;34;34;244;88,52112676;-36,834671;-73,004242;GRATUITO
2022;2m;4591;8;ESCUELA BASICA REPUBLICA DE GRECIA;8;DEL BIOBÍO;81;CONCEPCI;8103;CHIGUAYANTE;6;4;1;1;233;211;66,7;71,4;48;1693;51;51;450;79,69516729;-36,955891;-73,015778;GRATUITO
2022;2m;4616;7;ESCUELA BASICA MICHAIHUE;8;DEL BIOBÍO;81;CONCEPCI;8108;SAN PEDRO DE LA;2;1;1;1;224;208;60;80;58;2228;17;17;443;77,95575221;-36,843349;-73,141403;GRATUITO
2022;2m;4617;5;COLEGIO GALVARINO DE LOMAS COLORADAS;8;DEL BIOBÍO;81;CONCEPCI;8108;SAN PEDRO DE LA;2;1;2;1;224;223;71,9;75,8;51;1756;158;156;521;85,09824561;-36,87785;-73,137939;GRATUITO
2022;2m;4630;2;COLEGIO DEL SAGRADO CORAZON;8;DEL BIOBÍO;81;CONCEPCI;8101;CONCEPCIÓN;3;2;3;1;257;251;41,2;53,3;94;3262;438;0;1369;84,67047308;-36,826019;-73,055687;$50.001 A $100.000
2022;2m;4631;0;COLEGIO PARTICULAR ANDRÉS BELLO;8;DEL BIOBÍO;81;CONCEPCI;8103;CHIGUAYANTE;3;2;2;1;220;231;71,4;66,4;116;4211;524;524;1674;85,95695696;-36,932499;-73,024117;GRATUITO
2022;2m;4636;1;COLEGIO MARCELA PAZ;8;DEL BIOBÍO;81;CONCEPCI;8101;CONCEPCIÓN;3;2;4;1;261;285;45,8;29,2;52;1825;191;0;505;85,04516129;-36,815559;-73,051361;$50.001 A $100.000
2022;2m;4644;2;COLEGIO PARTICULAR JUAN BOSCO;8;DEL BIOBÍO;81;CONCEPCI;8108;SAN PEDRO DE LA;3;2;2;1;235;240;56,6;61,7;74;2647;528;528;1562;86,87907466;-36,882141;-73,129646;GRATUITO
2022;2m;4646;9;COLEGIO SANTA SABINA;8;DEL BIOBÍO;81;CONCEPCI;8101;CONCEPCIÓN;3;2;4;1;279;311;24,6;17,6;63;2395;482;0;1284;85,15577889;-36,78965;-73,042839;GRATUITO
2022;2m;4655;8;COLEGIO ADVENTISTA DE CONCEPCION;8;DEL BIOBÍO;81;CONCEPCI;8101;CONCEPCIÓN;3;2;3;1;247;276;45,5;27,9;48;1837;309;0;776;89,35752688;-36,8279;-73,056229;$50.001 A $100.000
2022;2m;4656;6;ESCUELA PARTICULAR INSTITUTO SAN PEDRO;8;DEL BIOBÍO;81;CONCEPCI;8108;SAN PEDRO DE LA;3;2;3;1;256;248;43,6;62,5;56;2100;339;0;1020;88,05555556;-36,832321;-73,114197;$25.001 A $50.000
2022;2m;4659;0;COLEGIO LA PROVIDENCIA;8;DEL BIOBÍO;81;CONCEPCI;8101;CONCEPCIÓN;3;2;3;1;252;261;45,1;42,3;51;1614;201;201;1019;91,625;-30,603609;-71,196198;GRATUITO
2022;2m;4662;0;COLEGIO SAN IGNACIO;8;DEL BIOBÍO;81;CONCEPCI;8108;SAN PEDRO DE LA;3;2;4;1;269;282;34,6;31,7;61;2218;289;0;815;88,39914163;-33,032051;-71,530472;$50.001 A $100.000
2022;2m;4663;9;COLEGIO MARIA INMACULADA;8;DEL BIOBÍO;81;CONCEPCI;8101;CONCEPCIÓN;3;2;3;1;265;271;40,7;41,2;104;4248;711;0;1804;86,38215962;-36,821831;-73,060127;$25.001 A $50.000
2022;2m;4664;7;COLEGIO SANTA EUFRASIA;8;DEL BIOBÍO;81;CONCEPCI;8101;CONCEPCIÓN;3;2;3;1;226;231;66,2;65,7;64;2364;453;453;1165;85,89792899;-36,815811;-73,039192;GRATUITO
2022;2m;4666;3;COLEGIO SANTA LUISA DE CONCEPCION;8;DEL BIOBÍO;81;CONCEPCI;8101;CONCEPCIÓN;3;2;3;1;276;284;23,9;31,9;55;2198;422;0;1018;88,9723127;-36,812389;-73,07357;$25.001 A $50.000
2022;2m;4667;1;COLEGIO SAN PATRICIO;8;DEL BIOBÍO;81;CONCEPCI;8103;CHIGUAYANTE;3;2;2;1;241;235;53,1;65,3;49;1777;279;279;815;90,72032193;-36,922371;-73,029694;GRATUITO
2022;2m;4669;8;LICEO SAN AGUSTIN DE CONCEPCION;8;DEL BIOBÍO;81;CONCEPCI;8101;CONCEPCIÓN;3;2;4;1;282;308;18,8;15,8;64;2494;437;0;1248;85,73389356;-36,82777;-73,044449;$50.001 A $100.000
2022;2m;4672;8;LICEO TÉCNICO PROFESIONAL BICENTENARIO JORGE SÁNCHEZ UGA;8;DEL BIOBÍO;81;CONCEPCI;8101;CONCEPCIÓN;3;2;2;1;245;264;54,7;43,7;0;0;0;0;0;0;;;SIN INFORMACION
2022;2m;4677;9;ESCUELA PARTICULAR SAN JOSE;8;DEL BIOBÍO;81;CONCEPCI;8108;SAN PEDRO DE LA;3;2;3;1;260;248;39,1;42,9;33;1257;256;256;752;89,03381643;-32,82938;-70,597954;GRATUITO
2022;2m;4679;5;KINGSTON COLLEGE;8;DEL BIOBÍO;81;CONCEPCI;8101;CONCEPCIÓN;4;3;5;1;267;297;33,3;27;58;2335;58;0;834;89,6964657;-36,805232;-73,04104;MAS DE $100.000
2022;2m;4680;9;COLEGIO BAUTISTA DE CONCEPCION;8;DEL BIOBÍO;81;CONCEPCI;8101;CONCEPCIÓN;4;3;4;1;272;280;27,9;26,7;28;882;130;0;429;89,1902439;-36,823565;-73,05983;MAS DE $100.000
2022;2m;4686;8;INSTITUTO DE HUMANIDADES ALFREDO SILVA S;8;DEL BIOBÍO;81;CONCEPCI;8101;CONCEPCIÓN;4;3;5;1;303;357;7;1,6;64;2014;97;0;961;90,03467153;-36,83108;-73,04507;MAS DE $100.000
2022;2m;4687;6;COLEGIO ALEMAN DE CONCEPCIÓN;8;DEL BIOBÍO;81;CONCEPCI;8108;SAN PEDRO DE LA;4;3;5;1;275;314;30,5;12,3;117;4019;30;0;1516;94,3115693;-36,850473;-73,09295;MAS DE $100.000
2022;2m;4688;4;CHARLES DE GAULLE;8;DEL BIOBÍO;81;CONCEPCI;8101;CONCEPCIÓN;4;3;5;1;273;303;33,3;14,7;105;2877;42;0;1239;93,23738872;-36,830802;-73,04575;MAS DE $100.000
2022;2m;4689;2;COLEGIO CONCEPCION;8;DEL BIOBÍO;81;CONCEPCI;8103;CHIGUAYANTE;4;3;5;1;273;292;31,8;29,4;54;1924;107;0;972;90,74857143;-36,857386;-73,04931;MAS DE $100.000
2022;2m;4691;4;COLEGIO CHILENO ARABE;8;DEL BIOBÍO;81;CONCEPCI;8103;CHIGUAYANTE;3;2;5;1;288;286;17,2;27,6;48;1986;211;0;673;86,85193622;-36,903419;-73,027344;$50.001 A $100.000
2022;2m;4694;9;SAINT JOHN´S SCHOOL;8;DEL BIOBÍO;81;CONCEPCI;8108;SAN PEDRO DE LA;4;3;5;1;283;320;20,5;10,5;126;4467;17;0;1077;93,35574572;-36,862266;-73,105351;MAS DE $100.000
2022;2m;4698;1;SAN PEDRO NOLASCO;8;DEL BIOBÍO;81;CONCEPCI;8101;CONCEPCIÓN;4;3;5;1;242;280;50;39,4;42;1571;101;0;504;99,04526749;-36,823839;-73,0473;MAS DE $100.000
2022;2m;4700;7;LICEO BICENTENARIO INDUSTRIAL DE LA CONSTRUCCIÓN HERNÁN;8;DEL BIOBÍO;81;CONCEPCI;8112;HUALPÉN;5;2;2;1;220;242;73;57,3;0;0;0;0;0;0;;;SIN INFORMACION
2022;2m;4702;3;LICEO BICENTENARIO ALMIRANTE PEDRO ESPINA RITCHIE;8;DEL BIOBÍO;81;CONCEPCI;8110;TALCAHUANO;2;1;2;1;234;234;64,6;61,5;95;3435;278;278;1031;85,17617618;-36,718712;-73,108902;GRATUITO
2022;2m;4703;1;LICEO INDUSTRIAL JUAN ANTONIO RIOS;8;DEL BIOBÍO;81;CONCEPCI;8110;TALCAHUANO;2;1;2;1;208;231;83;70,8;52;1678;46;46;247;89,60493827;-36,751709;-73,105553;GRATUITO
2022;2m;4706;6;LICEO TÉCNICO PROFESIONAL PEDRO DEL RÍO ZAÑARTU;8;DEL BIOBÍO;81;CONCEPCI;8112;HUALPÉN;2;1;1;1;209;215;73,7;82,1;32;1114;41;41;226;76,48113208;-36,78997;-73,096573;GRATUITO
2022;2m;4707;4;LICEO COMERCIAL PROFESOR SERGIO MORAGA ARCIL;8;DEL BIOBÍO;81;CONCEPCI;8110;TALCAHUANO;2;1;2;1;219;210;67;84,4;79;2704;109;109;535;78,34684685;-36,74675;-73,091431;GRATUITO
2022;2m;4708;2;LICEO POLIVALENTE LAS SALINAS;8;DEL BIOBÍO;81;CONCEPCI;8110;TALCAHUANO;2;1;2;1;223;217;66,7;87,5;37;1283;35;35;197;87,41830065;-36,74612;-73,090042;GRATUITO
2022;2m;4709;0;LICEO TECNICO DE TALCAHUANO;8;DEL BIOBÍO;81;CONCEPCI;8110;TALCAHUANO;2;1;1;1;206;205;86;86,6;64;2332;89;89;599;85,59589041;-36,721329;-73,1092;GRATUITO
2022;2m;4712;0;LICEO SANTA LEONOR;8;DEL BIOBÍO;81;CONCEPCI;8110;TALCAHUANO;2;1;2;1;237;241;56;54,2;51;1842;112;112;496;85,25382263;-36,776691;-73,085098;GRATUITO
2022;2m;4715;5;LICEO SIMÓN BOLÍVAR;8;DEL BIOBÍO;81;CONCEPCI;8112;HUALPÉN;2;1;2;1;212;205;81,3;90,3;21;727;45;45;155;78,36363636;-36,794151;-73,090233;GRATUITO
2022;2m;4717;1;LICEO TÉCNICO PROFESIONAL LUCILA GODOY ALCAYAGA;8;DEL BIOBÍO;81;CONCEPCI;8112;HUALPÉN;2;1;2;1;232;225;75;68,4;44;1560;37;37;262;76,03100775;-36,781818;-73,109268;GRATUITO
2022;2m;4733;3;LICEO BICENTENARIO ANITA SERRANO SEPULVEDA;8;DEL BIOBÍO;81;CONCEPCI;8110;TALCAHUANO;2;1;2;1;228;206;65,2;79,2;36;1250;39;39;239;90,04477612;-36,720798;-73,112259;GRATUITO
2022;2m;4760;0;COLEGIO BERNARDO O´HIGGINS;8;DEL BIOBÍO;81;CONCEPCI;8112;HUALPÉN;3;2;3;1;255;262;50;41,9;101;3753;509;507;1864;84,64944962;-29,96076;-71,337341;GRATUITO
2022;2m;4762;7;LICEO LA ASUNCION;8;DEL BIOBÍO;81;CONCEPCI;8110;TALCAHUANO;3;2;3;1;258;262;42,4;41,8;141;5430;1086;1086;2698;85,69592476;-36,746559;-73,109711;GRATUITO
2022;2m;4778;3;COLEGIO PARTICULAR TALCAHUANO;8;DEL BIOBÍO;81;CONCEPCI;8110;TALCAHUANO;3;2;3;1;248;251;45,2;50,8;43;1587;266;0;663;90,3091922;-36,738239;-73,101677;$50.001 A $100.000
2022;2m;4779;1;COLEGIO ADVENTISTA DE TALCAHUANO CENTRO;8;DEL BIOBÍO;81;CONCEPCI;8110;TALCAHUANO;3;2;3;1;254;262;41,8;44,4;45;1738;280;0;737;88,8489426;-36,721031;-73,110039;$25.001 A $50.000
2022;2m;4782;1;CENTRO EDUCACIÓN EVANGÉLICO DE HUALPÉN;8;DEL BIOBÍO;81;CONCEPCI;8112;HUALPÉN;3;2;2;1;230;263;60,8;42,3;96;3620;474;474;1211;85,31219512;-36,784519;-73,097328;GRATUITO
2022;2m;4785;6;COLEGIO SANTA BERNARDITA;8;DEL BIOBÍO;81;CONCEPCI;8110;TALCAHUANO;3;2;4;1;271;279;26,7;29;55;1807;395;395;965;89,22473868;-36,7495;-73,093163;GRATUITO
2022;2m;4790;2;COLEGIO MONTANER DE HUALPEN;8;DEL BIOBÍO;81;CONCEPCI;8112;HUALPÉN;3;2;3;1;251;270;41;31,6;50;1803;400;0;1037;88,04441261;-36,787029;-73,110573;$25.001 A $50.000
2022;2m;4796;1;ARTURO PRAT CHACON;8;DEL BIOBÍO;81;CONCEPCI;8110;TALCAHUANO;4;3;4;1;290;323;17,8;6,7;25;955;33;33;215;82,40414508;-36,77615;-73,089211;GRATUITO
2022;2m;4798;8;SAGRADOS CORAZONES;8;DEL BIOBÍO;81;CONCEPCI;8112;HUALPÉN;4;3;5;1;280;331;25,6;9,1;99;2941;95;0;1353;96,87855297;-36,800642;-73,0863;MAS DE $100.000
2022;2m;4805;4;LICEO PENCOPOLITANO;8;DEL BIOBÍO;81;CONCEPCI;8107;PENCO;2;1;1;1;211;215;81,5;82;64;2410;126;120;705;79,518;-36,738831;-73,00135;GRATUITO
2022;2m;4822;4;COLEGIO EL REFUGIO;8;DEL BIOBÍO;81;CONCEPCI;8107;PENCO;3;2;3;1;266;295;36;30,4;37;1228;201;201;637;90,46831956;-36,74073;-72,997993;GRATUITO
2022;2m;4824;0;LICEO BICENTENARIO DE EXCELENCIA INDUSTRIAL DE TOME;8;DEL BIOBÍO;81;CONCEPCI;8111;TOMÉ;5;2;1;1;207;214;82,2;78,1;36;1303;91;0;462;83,92244898;-36,610809;-72,955467;GRATUITO
2022;2m;4825;9;LICEO COMERCIAL DE TOME;8;DEL BIOBÍO;81;CONCEPCI;8111;TOMÉ;2;1;1;1;205;214;86,1;80;54;2063;64;64;365;91,56744186;-36,613941;-72,956596;GRATUITO
2022;2m;4829;1;LICEO VICENTE ALBERTO PALACIOS VALDES;8;DEL BIOBÍO;81;CONCEPCI;8111;TOMÉ;2;1;2;1;236;238;59,3;61,8;59;2295;138;138;548;91,9390681;-36,61372;-72,956017;GRATUITO
2022;2m;4830;5;LICEO REPÚBLICA DEL ECUADOR;8;DEL BIOBÍO;81;CONCEPCI;8111;TOMÉ;2;1;3;1;263;258;36,2;44,1;82;3112;358;358;1023;86,92679128;-36,615749;-72,953423;GRATUITO
2022;2m;4865;8;ESCUELA PARTICULAR MARGARITA NASEAU;8;DEL BIOBÍO;81;CONCEPCI;8111;TOMÉ;3;2;3;1;285;281;18,3;35,7;54;1997;361;361;975;88,89839572;-36,6171;-72,961319;GRATUITO
2022;2m;4868;2;COLEGIO PADRE LUIS AMIGO;8;DEL BIOBÍO;81;CONCEPCI;8101;CONCEPCIÓN;3;2;3;1;248;241;56,3;59,4;42;1346;189;0;517;86,29585799;-36,799599;-73,060516;$25.001 A $50.000
2022;2m;4870;4;LICEO LUIS DE ALAVA;8;DEL BIOBÍO;81;CONCEPCI;8104;FLORIDA;6;4;2;1;234;242;61;47,5;31;970;64;64;248;90,18439716;-36,826229;-72,660881;GRATUITO
2022;2m;4871;2;LICEO COPIULEMU;8;DEL BIOBÍO;81;CONCEPCI;8104;FLORIDA;6;4;2;2;220;244;83,3;61,5;33;938;44;44;242;90,11377246;-36,899818;-72,805252;GRATUITO
2022;2m;4897;6;LICEO SAN JUAN BAUTISTA DE HUALQUI;8;DEL BIOBÍO;81;CONCEPCI;8105;HUALQUI;6;4;1;1;210;211;82,8;80,7;69;2584;91;85;572;88,4358209;-36,9734;-72,934479;GRATUITO
2022;2m;4922;0;ESCUELA ALONSO DE ERCILLA;8;DEL BIOBÍO;81;CONCEPCI;8105;HUALQUI;3;2;2;1;256;255;45,2;45,5;29;1118;30;30;254;76,06355932;-29,87553;-71,247383;GRATUITO
2022;2m;4925;5;LICEO NUEVA ZELANDIA;8;DEL BIOBÍO;81;CONCEPCI;8109;SANTA JUANA;2;1;1;1;227;235;58,4;63;53;1935;94;94;587;85,06647399;-37,180279;-72,940598;GRATUITO
2022;2m;4948;4;LICEO POLITECNICO ROSAURO SANTANA RIOS;8;DEL BIOBÍO;81;CONCEPCI;8106;LOTA;2;1;1;1;215;207;78,4;90,4;42;1506;61;0;287;90,25210084;-37,0952;-73,152512;GRATUITO
2022;2m;4949;2;LICEO COMERCIAL PRESIDENTE FREI MONTALVA;8;DEL BIOBÍO;81;CONCEPCI;8106;LOTA;2;1;2;1;224;217;61,5;77,3;22;711;18;0;89;96,4494382;-37,07481;-73,149513;GRATUITO
2022;2m;4951;4;LICEO CARLOS COUSIÑO GOYENECHEA;8;DEL BIOBÍO;81;CONCEPCI;8106;LOTA;2;1;2;1;235;223;64,7;71;60;2431;225;225;765;91,4459279;-37,085049;-73,162247;GRATUITO
2022;2m;4952;2;LICEO BALDOMERO LILLO FIGUEROA;8;DEL BIOBÍO;81;CONCEPCI;8106;LOTA;2;1;1;1;223;214;71,1;74,3;48;1875;81;81;489;86,57518797;-37,092091;-73,155777;GRATUITO
2022;2m;4958;1;LICEO THOMPSON MATTHEWS;8;DEL BIOBÍO;81;CONCEPCI;8106;LOTA;2;1;2;1;243;223;64,5;70;49;1930;137;137;572;89,1448468;-37,084801;-73,161453;GRATUITO
2022;2m;4969;7;LICEO SANTA DORIS;8;DEL BIOBÍO;81;CONCEPCI;8106;LOTA;3;2;1;1;243;208;;;23;704;19;19;130;90,12359551;-37,082512;-73,164993;GRATUITO
2022;2m;4973;5;INSTITUTO HUMANIDADES SAN FRANCISCO DE ASIS;8;DEL BIOBÍO;81;CONCEPCI;8106;LOTA;3;2;3;1;258;248;37,2;51,8;55;2273;413;413;1148;85,40687679;-37,078918;-73,156128;GRATUITO
2022;2m;4975;1;LICEO BICENTENARIO DE EXCELENCIA INDUSTRIAL FEDERICO SCH;8;DEL BIOBÍO;81;CONCEPCI;8102;CORONEL;5;2;2;1;249;247;48;55,8;0;0;0;0;0;0;;;SIN INFORMACION
2022;2m;4977;8;LICEO COMERCIAL ANDRES BELLO LOPEZ;8;DEL BIOBÍO;81;CONCEPCI;8102;CORONEL;2;1;1;1;209;204;79;87,5;85;3362;162;162;963;82,99420626;-37,011749;-73,155907;GRATUITO
2022;2m;4982;4;LICEO CORONEL ANTONIO SALAMANCA;8;DEL BIOBÍO;81;CONCEPCI;8102;CORONEL;2;1;2;1;240;229;53,7;72,2;104;4156;381;381;1377;87,08955224;-37,02821;-73,146828;GRATUITO
2022;2m;4983;2;LICEO YOBILO DE CORONEL;8;DEL BIOBÍO;81;CONCEPCI;8102;CORONEL;2;1;2;1;228;219;68,1;77,5;51;2064;87;84;441;88,93181818;-37,007721;-73,153137;GRATUITO
2022;2m;4984;0;ESCUELA ROSITA RENARD;8;DEL BIOBÍO;81;CONCEPCI;8102;CORONEL;2;1;2;1;240;235;57,1;66;63;2402;158;158;701;84,375;-37,001919;-73,165176;GRATUITO
2022;2m;5002;4;ESCUELA JUAN JOSE LATORRE BENAVENTE;8;DEL BIOBÍO;81;CONCEPCI;8102;CORONEL;2;1;1;2;202;175;100;100;32;1408;21;21;250;88,12195122;-36,975689;-73,528664;GRATUITO
2022;2m;5021;0;LICEO TÉCNICO PROFESIONAL DOCTOR RIGOBERTO IGLESIAS BAST;8;DEL BIOBÍO;82;ARAUCO;8201;LEBU;2;1;1;1;195;210;95,6;86,3;0;0;0;0;0;0;;;SIN INFORMACION
2022;2m;5024;5;LICEO BICENTENARIO ISIDORA RAMOS DE GAJARDO;8;DEL BIOBÍO;82;ARAUCO;8201;LEBU;2;1;2;1;257;253;40,9;51,4;59;2274;261;254;949;88,88;-37,61047;-73,649193;GRATUITO
2022;2m;5026;1;ESCUELA FRESIA GRACIELA MULLER RUIZ;8;DEL BIOBÍO;82;ARAUCO;8201;LEBU;2;1;1;1;256;248;43,9;52,5;87;3313;256;256;1028;85,62731872;-37,60865;-73,657494;GRATUITO
2022;2m;5048;2;LICEO BICENTENARIO SAN FELIPE DE ARAUCO;8;DEL BIOBÍO;82;ARAUCO;8202;ARAUCO;2;1;1;1;247;246;48,7;56,6;68;2654;217;217;839;88,6918239;-37,243721;-73,31736;GRATUITO
2022;2m;5057;1;LICEO TÉCNICO PESQUERO FILIDOR GAETE MONSÁLVEZ;8;DEL BIOBÍO;82;ARAUCO;8202;ARAUCO;2;1;1;2;231;213;64,7;81,3;27;936;21;21;194;91,74193548;-37,19873;-73,564941;GRATUITO
2022;2m;5082;2;LICEO SAN FRANCISCO DE ASIS;8;DEL BIOBÍO;82;ARAUCO;8202;ARAUCO;3;2;3;1;241;249;55,9;56,8;77;2824;597;597;1515;87,48611111;-37,244141;-73,31797;GRATUITO
2022;2m;5083;0;COLEGIO ARAUCO;8;DEL BIOBÍO;82;ARAUCO;8202;ARAUCO;4;3;5;1;314;409;6,3;0;34;1295;66;0;351;91,74090909;-37,248535;-73,30604;MAS DE $100.000
2022;2m;5084;9;LICEO POLIVALENTE MARIANO LATORRE;8;DEL BIOBÍO;82;ARAUCO;8205;CURANILAHUE;2;1;2;1;234;240;63,6;60;134;5368;357;357;1156;89,75478927;-37,47346115;-73,34307098;GRATUITO
2022;2m;5104;7;COLEGIO ALONSO DE ERCILLA;8;DEL BIOBÍO;82;ARAUCO;8205;CURANILAHUE;3;2;2;1;218;231;62,5;67,3;62;2109;417;0;1290;86,52405722;-32,747589;-70,725273;$25.001 A $50.000
2022;2m;5105;5;LICEO BICENTENARIO POLITECNICO CAUPOLICAN;8;DEL BIOBÍO;82;ARAUCO;8206;LOS ÁLAMOS;2;1;1;1;229;222;67,1;71,4;45;1762;66;63;470;90,04587156;-37,628899;-73,460587;GRATUITO
2022;2m;5109;8;LICEO CLAUDIO FLORES SOTO;8;DEL BIOBÍO;82;ARAUCO;8206;LOS ÁLAMOS;2;1;1;2;233;239;60;58,5;63;2552;121;121;722;85,89073634;-37,613861;-73,412392;GRATUITO
2022;2m;5113;6;LICEO ORLANDO DELGADO ZÚNIGA;8;DEL BIOBÍO;82;ARAUCO;8206;LOS ÁLAMOS;2;1;1;2;236;228;66,7;71,4;35;1328;56;56;322;85,78461538;-37,673969;-73,394287;GRATUITO
2022;2m;5122;5;LICEO CRISTO REDENTOR;8;DEL BIOBÍO;82;ARAUCO;8206;LOS ÁLAMOS;3;2;1;1;214;214;77,8;86,3;75;2944;133;133;1147;87,91585761;-37,630749;-73,454887;GRATUITO
2022;2m;5126;8;LICEO HUMANISTA CIENTÍFICO JOSÉ DE LA CRUZ MIRANDA CORRE;8;DEL BIOBÍO;82;ARAUCO;8203;CAÑETE;2;1;2;1;267;277;32,1;38,4;0;0;0;0;0;0;;;SIN INFORMACION
2022;2m;5131;4;LICEO HOMERO VIGUERAS;8;DEL BIOBÍO;82;ARAUCO;8203;CAÑETE;2;1;1;1;229;254;;;50;1663;31;31;273;87,23786408;-37,790741;-73,391472;GRATUITO
2022;2m;5150;0;LICEO GABRIELA MISTRAL;8;DEL BIOBÍO;82;ARAUCO;8203;CAÑETE;3;2;3;1;275;279;23,7;36,8;30;827;167;0;528;87,24645892;-33,606998;-71,599998;$50.001 A $100.000
2022;2m;5153;5;COLEGIO INSTITUTO SAN JOSE;8;DEL BIOBÍO;82;ARAUCO;8203;CAÑETE;3;2;4;1;252;267;40,7;44,4;34;1285;162;162;517;85,8557377;-37,79253;-73,389977;GRATUITO
2022;2m;5155;1;LICEO POLIVALENTE NAHUELBUTA;8;DEL BIOBÍO;82;ARAUCO;8204;CONTULMO;2;1;1;1;225;218;67,2;75,8;35;1385;54;53;405;88,63265306;-38,01646;-73,228943;GRATUITO
